municipio,estacion,fecha,PM10,PM2.5,NO2,SO2,CO
Palmira,Estación C,2024-01-03,52.3,63.9,74.1,42.8,587.4
Buga,Estación A,2024-02-29,141.5,68.8,78.6,16.1,510.8
Tuluá,Estación A,2024-03-06,54.0,32.4,81.8,36.0,305.2
Palmira,Estación C,2024-02-08,81.4,64.4,33.7,5.7,767.0
Cali,Estación A,2024-02-01,36.3,32.3,82.2,51.8,734.8
Tuluá,Estación A,2024-01-23,61.8,54.0,50.5,5.6,801.1
Cali,Estación C,2024-02-28,102.5,27.3,76.2,21.6,717.1
Tuluá,Estación A,2024-01-06,43.5,22.1,40.0,25.5,492.9
Cali,Estación B,2024-02-07,90.5,55.9,35.5,57.2,1058.2
Buga,Estación B,2024-01-15,96.3,34.0,96.0,6.6,479.8
Tuluá,Estación B,2024-03-03,95.3,54.9,16.8,43.4,861.4
Buga,Estación A,2024-02-15,128.5,52.0,86.2,38.0,913.6
Cali,Estación C,2024-01-19,53.0,19.6,63.2,59.4,450.1
Tuluá,Estación A,2024-02-25,145.4,46.2,64.1,44.0,1155.5
Tuluá,Estación A,2024-01-04,113.4,46.3,60.9,40.7,615.2
Cartago,Estación C,2024-02-14,148.4,44.9,39.9,39.3,1043.0
Tuluá,Estación C,2024-02-27,31.8,81.8,32.0,45.1,1029.9
Tuluá,Estación A,2024-03-04,128.5,79.0,25.5,19.9,557.1
Cartago,Estación A,2024-02-14,131.2,68.9,94.9,43.1,1146.4
Buga,Estación A,2024-01-21,74.8,40.0,25.9,38.4,729.0
Palmira,Estación A,2024-02-04,147.9,62.8,24.5,54.8,764.6
Cartago,Estación A,2024-01-08,55.7,17.8,13.9,52.9,910.6
Cartago,Estación C,2024-01-03,133.0,89.9,66.7,48.7,1003.6
Buga,Estación C,2024-02-28,132.7,21.9,85.1,24.8,851.0
Tuluá,Estación C,2024-01-11,32.3,72.9,25.4,7.4,888.3
Cali,Estación A,2024-02-29,76.0,69.7,11.8,16.3,738.4
Palmira,Estación B,2024-01-11,53.0,45.6,94.3,25.7,897.7
Cali,Estación B,2024-01-01,31.1,30.1,96.3,38.7,535.5
Palmira,Estación B,2024-03-05,56.4,36.1,49.9,14.4,1085.9
Cali,Estación C,2024-02-14,122.4,57.1,89.5,34.0,765.9
Cali,Estación C,2024-01-02,149.9,60.6,46.4,17.4,531.4
Palmira,Estación C,2024-02-10,141.3,77.1,39.1,18.0,536.4
Tuluá,Estación B,2024-01-02,39.1,52.6,71.8,48.6,824.7
Buga,Estación C,2024-02-26,74.9,21.1,44.9,38.0,762.3
Cali,Estación B,2024-02-01,96.3,18.8,13.9,44.6,700.0
Buga,Estación B,2024-02-19,50.0,54.6,63.1,21.4,331.6
Tuluá,Estación B,2024-03-02,85.6,21.6,64.8,20.9,444.3
Palmira,Estación B,2024-01-27,70.3,88.2,88.6,23.1,829.0
Cartago,Estación C,2024-01-07,49.7,32.8,55.2,19.9,1152.8
Palmira,Estación B,2024-02-11,68.1,36.1,57.8,7.8,442.7
Buga,Estación C,2024-01-30,99.6,80.8,88.1,29.8,313.8
Buga,Estación B,2024-01-31,50.6,35.9,24.3,15.8,1175.7
Buga,Estación A,2024-02-17,31.7,23.9,68.4,36.2,798.1
Buga,Estación A,2024-01-24,31.7,15.5,31.6,10.5,534.2
Cali,Estación B,2024-01-07,63.9,49.6,70.4,13.9,737.8
Cali,Estación C,2024-02-22,34.0,42.5,31.3,29.6,365.1
Cali,Estación B,2024-01-17,58.0,45.7,80.2,47.4,505.3
Tuluá,Estación A,2024-02-08,47.4,38.7,97.8,19.1,710.5
Cartago,Estación C,2024-03-09,42.1,26.7,96.4,7.1,1179.9
Cartago,Estación B,2024-01-09,77.8,27.7,44.5,52.9,626.8
Cartago,Estación C,2024-01-24,106.1,34.3,14.7,5.6,319.9
Palmira,Estación B,2024-01-30,131.0,61.3,68.0,6.6,1045.7
Buga,Estación B,2024-02-13,74.3,46.8,42.4,48.9,771.6
Cartago,Estación A,2024-02-03,135.2,84.6,57.6,46.5,695.4
Palmira,Estación C,2024-02-18,101.9,46.4,48.9,8.0,764.9
Tuluá,Estación C,2024-02-26,79.1,82.2,24.6,59.8,407.0
Cali,Estación A,2024-02-19,99.6,65.0,92.0,24.0,859.4
Cali,Estación C,2024-02-29,101.9,27.8,76.7,21.6,896.1
Tuluá,Estación C,2024-02-08,31.1,17.5,86.7,42.6,538.8
Cartago,Estación B,2024-02-29,125.6,53.6,21.8,16.8,890.6
Cartago,Estación A,2024-02-12,60.3,39.4,85.1,46.9,596.2
Tuluá,Estación A,2024-01-09,62.7,77.4,98.2,32.2,308.7
Tuluá,Estación B,2024-01-08,74.1,16.4,19.0,32.3,921.0
Tuluá,Estación C,2024-02-13,55.7,62.6,78.5,59.2,462.4
Cali,Estación A,2024-01-11,36.9,23.3,29.7,30.5,689.9
Cartago,Estación A,2024-02-18,102.9,26.5,28.6,39.2,415.4
Buga,Estación A,2024-02-10,146.7,61.3,98.3,23.6,932.7
Cartago,Estación B,2024-01-28,90.9,52.2,93.7,53.9,1007.2
Cartago,Estación B,2024-01-19,31.3,27.7,68.7,38.7,1009.1
Tuluá,Estación B,2024-03-08,82.9,62.6,79.7,6.9,833.8
Buga,Estación A,2024-01-07,128.8,22.7,30.5,5.2,573.2
Buga,Estación C,2024-03-04,39.2,23.0,54.6,38.5,547.4
Palmira,Estación C,2024-01-22,79.0,66.6,32.5,40.2,1089.7
Buga,Estación C,2024-03-05,116.0,59.6,39.2,6.4,975.1
Tuluá,Estación C,2024-01-23,97.2,34.1,33.6,7.2,574.9
Palmira,Estación B,2024-02-23,35.8,73.2,61.4,46.8,434.9
Cartago,Estación B,2024-02-05,51.9,60.7,75.3,22.3,1046.0
Palmira,Estación A,2024-01-01,34.5,24.2,98.8,22.3,403.8
Cartago,Estación C,2024-02-09,37.6,82.7,83.3,22.3,1176.2
Tuluá,Estación A,2024-02-07,116.3,23.1,86.2,45.5,490.5
Cali,Estación B,2024-01-19,97.2,51.5,55.4,14.7,1031.5
Cartago,Estación A,2024-02-09,110.5,50.2,41.2,52.4,1068.8
Palmira,Estación C,2024-01-01,80.9,38.2,35.3,58.5,438.0
Palmira,Estación A,2024-01-09,98.2,48.0,16.1,30.6,1038.7
Palmira,Estación C,2024-03-04,115.1,59.0,42.2,36.7,608.0
Palmira,Estación A,2024-03-08,37.6,44.7,96.7,34.6,559.1
Cartago,Estación B,2024-02-19,80.9,53.2,95.1,35.2,1157.9
Cartago,Estación B,2024-01-16,84.0,70.8,52.0,17.5,479.4
Palmira,Estación A,2024-01-04,91.9,34.0,94.6,54.8,810.1
Cali,Estación B,2024-01-27,31.1,48.2,14.1,34.9,604.7
Cali,Estación B,2024-01-09,143.5,24.9,79.7,19.6,1140.2
Buga,Estación B,2024-01-04,35.0,50.3,45.8,22.1,706.2
Cali,Estación B,2024-03-07,64.3,49.5,27.4,16.6,320.7
Cali,Estación C,2024-03-09,95.9,31.4,48.6,40.9,954.4
Tuluá,Estación B,2024-02-02,92.4,77.3,47.7,15.7,556.4
Buga,Estación C,2024-03-08,53.0,82.8,27.8,6.4,318.3
Buga,Estación B,2024-02-02,125.2,73.9,31.4,20.9,1144.2
Tuluá,Estación C,2024-01-09,91.2,24.6,76.5,26.8,536.6
Palmira,Estación A,2024-02-20,45.3,28.2,96.4,43.1,1021.2
Tuluá,Estación A,2024-02-17,46.6,44.9,98.2,17.4,850.9
Cali,Estación A,2024-02-09,121.6,25.2,30.6,53.5,318.1
Cali,Estación A,2024-01-31,57.6,30.0,13.4,40.4,536.3
Buga,Estación A,2024-03-08,99.7,73.0,39.9,50.7,547.1
Tuluá,Estación A,2024-02-01,70.9,37.6,62.0,32.4,821.6
Cali,Estación A,2024-02-24,96.1,76.3,96.4,48.6,843.4
Cali,Estación A,2024-01-24,66.4,44.5,26.2,36.8,1162.2
Cartago,Estación C,2024-01-28,134.5,80.3,62.1,28.6,877.4
Cali,Estación B,2024-02-13,148.7,17.9,68.9,29.4,1154.0
Cali,Estación B,2024-02-09,147.4,26.9,53.9,25.0,875.4
Tuluá,Estación B,2024-01-17,80.2,85.7,74.9,9.8,1061.7
Cartago,Estación B,2024-02-26,43.1,33.8,90.5,44.3,875.6
Cartago,Estación B,2024-02-09,95.6,19.0,45.9,19.9,1199.4
Cali,Estación A,2024-01-04,138.7,88.1,30.9,53.5,595.4
Palmira,Estación A,2024-03-06,30.0,24.5,94.0,52.7,510.2
Buga,Estación A,2024-01-27,30.6,88.9,89.0,54.2,893.3
Buga,Estación C,2024-01-15,139.1,31.1,28.4,15.0,312.6
Cartago,Estación A,2024-01-15,114.3,18.2,91.6,31.6,714.3
Buga,Estación B,2024-02-29,79.1,86.5,87.9,21.3,443.4
Buga,Estación C,2024-01-27,73.7,78.9,78.1,38.6,627.8
Cartago,Estación C,2024-02-18,111.0,19.2,21.2,32.5,603.3
Palmira,Estación C,2024-02-14,67.6,71.5,29.8,26.4,1079.2
Tuluá,Estación A,2024-03-07,81.5,45.6,20.3,42.2,931.9
Tuluá,Estación C,2024-02-24,106.4,71.3,71.1,15.9,744.6
Cartago,Estación A,2024-02-07,49.5,38.2,91.0,42.8,1187.4
Cali,Estación C,2024-02-04,133.3,57.4,24.2,43.0,762.1
Cartago,Estación B,2024-01-08,97.9,38.4,26.0,52.3,663.2
Cali,Estación A,2024-02-28,124.1,44.6,68.1,13.3,1139.4
Palmira,Estación A,2024-02-25,60.0,60.7,62.7,25.3,737.5
Cali,Estación A,2024-03-04,102.1,17.6,54.8,13.5,464.6
Buga,Estación C,2024-01-20,127.1,87.6,53.0,45.0,633.6
Palmira,Estación A,2024-02-21,77.7,40.2,31.1,31.4,796.6
Cali,Estación B,2024-01-31,132.4,83.6,33.9,54.7,588.6
Cartago,Estación C,2024-03-07,47.0,15.3,57.9,10.9,652.6
Palmira,Estación B,2024-01-20,110.3,31.2,63.2,55.2,1018.0
Tuluá,Estación C,2024-02-25,125.0,50.7,58.3,47.4,895.1
Cali,Estación C,2024-02-08,84.0,40.0,49.4,19.4,448.2
Cartago,Estación B,2024-01-24,66.6,84.4,43.8,46.7,777.2
Buga,Estación C,2024-01-09,98.6,82.1,52.8,57.0,493.0
Cali,Estación B,2024-03-10,115.0,56.8,33.0,40.8,404.6
Buga,Estación C,2024-02-03,105.7,59.1,41.8,31.5,837.6
Cali,Estación C,2024-01-29,53.0,78.0,75.2,54.2,405.8
Cali,Estación A,2024-03-07,70.3,72.4,48.9,31.6,883.3
Palmira,Estación A,2024-02-16,72.4,63.2,32.1,11.0,1014.9
Cali,Estación A,2024-03-08,32.2,64.0,65.7,22.0,377.2
Cartago,Estación C,2024-02-17,43.3,33.3,36.8,35.8,658.2
Cali,Estación A,2024-01-13,122.9,18.9,11.2,48.8,729.4
Tuluá,Estación B,2024-02-11,78.9,32.4,58.1,15.9,757.6
Palmira,Estación B,2024-02-09,120.4,75.8,13.0,30.7,882.0
Cartago,Estación C,2024-01-05,70.4,25.8,31.0,54.8,333.2
Cartago,Estación A,2024-01-27,149.5,39.7,44.3,39.0,946.6
Tuluá,Estación C,2024-01-17,49.0,67.2,19.5,41.6,557.6
Palmira,Estación B,2024-02-24,98.6,34.0,30.5,5.6,417.3
Palmira,Estación B,2024-01-07,30.8,26.5,16.2,59.8,559.9
Cartago,Estación B,2024-01-02,36.1,86.6,22.8,44.0,361.1
Palmira,Estación B,2024-02-13,121.6,48.5,81.1,39.0,401.8
Cartago,Estación A,2024-02-20,57.3,44.2,64.6,46.5,1111.5
Tuluá,Estación B,2024-02-16,128.7,29.2,73.1,21.0,567.7
Buga,Estación A,2024-03-03,147.1,39.8,20.7,36.4,1115.7
Buga,Estación A,2024-01-20,132.9,82.3,95.2,26.9,495.4
Tuluá,Estación B,2024-02-08,143.9,89.9,31.2,45.0,640.2
Tuluá,Estación B,2024-01-24,42.0,75.4,43.3,40.7,952.9
Tuluá,Estación C,2024-01-26,99.6,86.1,16.2,32.9,596.0
Cali,Estación A,2024-01-03,63.7,27.0,24.8,20.7,1013.6
Tuluá,Estación A,2024-01-26,96.5,39.7,74.8,40.4,599.5
Palmira,Estación A,2024-01-28,44.6,53.2,62.7,24.8,727.8
Tuluá,Estación B,2024-01-06,141.3,45.2,90.1,26.1,963.1
Buga,Estación C,2024-01-12,142.1,47.4,58.5,29.5,808.3
Palmira,Estación B,2024-02-17,89.0,88.2,40.0,37.7,381.2
Tuluá,Estación B,2024-02-27,104.9,15.4,26.8,10.5,627.0
Cartago,Estación A,2024-01-19,98.9,67.2,93.2,44.2,631.5
Tuluá,Estación B,2024-02-09,31.0,15.7,51.5,31.9,320.3
Palmira,Estación B,2024-03-07,30.4,33.6,93.5,56.3,948.5
Cartago,Estación C,2024-02-07,42.0,59.2,80.1,10.1,455.4
Tuluá,Estación C,2024-01-24,119.4,18.6,29.7,43.8,1004.4
Tuluá,Estación C,2024-02-03,89.9,31.1,34.5,14.3,946.6
Tuluá,Estación C,2024-01-28,84.1,36.4,36.8,26.1,1052.0
Palmira,Estación B,2024-01-29,146.3,67.0,16.4,15.4,994.2
Cartago,Estación C,2024-02-29,129.2,40.1,34.5,35.2,949.7
Cartago,Estación C,2024-01-14,78.3,20.7,72.6,18.9,580.3
Palmira,Estación A,2024-01-22,149.1,24.8,81.6,26.7,743.0
Tuluá,Estación C,2024-03-10,42.0,68.8,71.2,50.7,337.4
Tuluá,Estación C,2024-02-11,62.3,33.2,99.3,15.9,818.0
Buga,Estación A,2024-02-02,61.0,17.8,62.5,17.6,433.3
Cartago,Estación C,2024-01-30,134.6,31.9,52.9,12.3,655.6
Cartago,Estación B,2024-01-06,67.6,48.2,20.3,51.0,324.9
Palmira,Estación B,2024-02-04,45.7,67.2,28.5,29.3,358.5
Cali,Estación B,2024-02-06,98.4,19.0,22.6,39.2,487.0
Buga,Estación C,2024-02-23,146.3,17.9,77.8,33.9,631.8
Cali,Estación A,2024-02-25,89.2,18.0,98.6,26.1,437.0
Cali,Estación B,2024-02-20,69.5,18.2,54.7,34.9,451.6
Palmira,Estación C,2024-01-21,80.2,68.6,87.5,13.5,706.4
Cali,Estación A,2024-01-26,82.2,29.5,27.2,47.3,539.0
Cali,Estación B,2024-01-03,116.4,83.9,46.7,15.5,765.4
Cartago,Estación C,2024-02-10,64.6,81.7,89.3,46.7,807.1
Cali,Estación A,2024-02-14,53.9,60.1,15.5,27.7,792.0
Palmira,Estación B,2024-01-17,54.4,48.9,81.7,37.5,387.2
Palmira,Estación B,2024-02-18,102.7,21.7,96.3,44.4,1009.3
Palmira,Estación A,2024-02-07,123.8,73.8,50.8,48.6,1054.8
Palmira,Estación B,2024-02-26,53.9,59.1,15.8,52.4,1165.3
Palmira,Estación C,2024-01-02,118.0,15.0,63.7,55.4,559.1
Palmira,Estación C,2024-01-12,111.5,20.0,63.4,47.5,1045.4
Cartago,Estación C,2024-01-22,90.9,75.8,85.5,55.0,758.3
Cartago,Estación B,2024-02-20,51.6,69.3,83.1,42.4,846.2
Tuluá,Estación A,2024-01-01,140.4,50.3,12.6,42.9,733.7
Palmira,Estación C,2024-02-01,83.9,55.3,28.3,13.6,1092.4
Buga,Estación A,2024-03-05,111.5,69.4,96.9,19.3,316.6
Tuluá,Estación B,2024-02-19,35.3,87.8,74.4,22.8,586.8
Tuluá,Estación A,2024-01-30,91.8,27.4,98.0,10.9,1138.7
Tuluá,Estación C,2024-03-03,131.9,54.1,94.0,49.3,923.7
Cali,Estación C,2024-03-10,30.1,85.3,24.8,17.8,537.1
Tuluá,Estación B,2024-03-05,68.7,60.8,94.5,41.9,367.3
Cartago,Estación C,2024-02-02,145.9,85.6,27.5,13.9,516.5
Tuluá,Estación A,2024-03-02,45.1,84.9,64.4,41.3,661.6
Tuluá,Estación A,2024-01-13,117.9,73.3,88.5,16.9,375.4
Tuluá,Estación C,2024-03-07,80.7,57.4,42.9,56.5,349.4
Cali,Estación A,2024-03-01,135.4,54.5,93.7,31.6,741.4
Tuluá,Estación C,2024-03-02,87.8,20.9,60.4,23.3,439.4
Buga,Estación B,2024-02-25,121.7,58.7,16.4,54.1,327.7
Cali,Estación B,2024-01-23,84.8,27.8,34.0,33.0,432.7
Cartago,Estación A,2024-03-02,144.3,16.9,43.9,54.3,547.2
Tuluá,Estación A,2024-02-12,140.7,78.9,79.7,26.6,753.9
Buga,Estación A,2024-02-06,100.6,56.8,69.0,32.3,328.9
Cartago,Estación B,2024-03-07,141.5,83.3,74.4,53.7,587.7
Tuluá,Estación A,2024-02-27,96.3,64.6,39.1,31.5,855.6
Palmira,Estación B,2024-02-22,83.8,88.5,41.5,29.9,420.2
Cartago,Estación B,2024-01-29,65.6,55.9,30.2,29.4,735.8
Buga,Estación B,2024-01-01,113.9,34.0,13.6,27.2,1141.7
Tuluá,Estación A,2024-02-14,136.4,71.4,48.1,33.4,633.0
Palmira,Estación C,2024-01-06,32.7,48.3,80.3,42.4,871.6
Palmira,Estación C,2024-01-13,50.5,82.3,69.1,53.5,736.8
Palmira,Estación B,2024-02-02,87.2,35.3,12.6,38.3,656.2
Palmira,Estación B,2024-02-08,128.6,56.6,26.2,30.7,1171.3
Cartago,Estación C,2024-02-03,91.9,57.7,29.9,46.6,578.6
Palmira,Estación C,2024-01-31,53.6,46.0,30.5,37.1,634.3
Cali,Estación C,2024-02-12,34.6,61.6,80.0,32.5,621.8
Buga,Estación B,2024-01-17,115.4,58.5,18.0,43.2,449.8
Cali,Estación B,2024-02-10,45.5,47.3,34.7,53.8,336.5
Tuluá,Estación B,2024-02-10,112.4,37.1,60.4,21.6,450.4
Palmira,Estación C,2024-01-28,127.1,75.0,51.1,38.4,843.8
Buga,Estación B,2024-01-14,93.9,50.8,30.1,43.8,471.7
Cartago,Estación A,2024-02-02,107.0,30.7,12.7,28.8,812.6
Cartago,Estación B,2024-01-30,129.8,82.2,47.3,6.0,1075.6
Buga,Estación B,2024-02-01,48.4,35.2,63.2,38.6,438.6
Palmira,Estación B,2024-01-13,50.9,72.1,11.4,35.7,641.5
Tuluá,Estación A,2024-01-17,77.2,32.1,25.4,41.7,848.5
Buga,Estación C,2024-03-06,55.8,77.6,47.8,36.7,1085.7
Palmira,Estación B,2024-01-28,131.7,48.1,11.6,9.1,759.4
Palmira,Estación B,2024-01-10,68.0,65.8,36.1,36.7,359.3
Cartago,Estación B,2024-02-28,86.7,82.5,40.3,21.2,1085.5
Palmira,Estación A,2024-01-06,132.8,85.8,40.2,35.8,385.6
Buga,Estación A,2024-01-01,32.8,43.0,23.4,35.7,1125.6
Palmira,Estación B,2024-01-01,94.1,76.8,19.3,56.9,1015.6
Buga,Estación A,2024-02-13,50.6,22.7,65.1,10.2,978.9
Tuluá,Estación A,2024-01-31,139.6,54.4,75.2,29.0,867.0
Palmira,Estación B,2024-01-19,115.2,65.8,12.2,27.6,599.7
Buga,Estación C,2024-01-16,122.6,80.6,65.3,15.4,556.8
Cali,Estación B,2024-03-08,137.6,30.8,30.5,20.4,414.7
Palmira,Estación B,2024-01-26,119.1,53.2,48.0,26.9,323.8
Buga,Estación C,2024-02-07,40.2,31.5,10.8,44.4,610.0
Palmira,Estación B,2024-01-15,134.6,29.4,18.8,54.4,614.9
Tuluá,Estación C,2024-02-09,112.6,74.4,37.6,7.0,1139.5
Tuluá,Estación C,2024-01-22,97.5,85.9,27.6,40.3,1035.5
Cali,Estación A,2024-01-30,137.5,75.5,10.3,22.6,679.6
Cali,Estación C,2024-01-26,50.2,58.6,74.3,55.4,934.9
Palmira,Estación A,2024-02-08,108.6,32.1,34.7,22.3,405.1
Palmira,Estación B,2024-01-31,124.6,34.4,73.8,16.8,336.3
Buga,Estación A,2024-02-25,37.8,72.2,48.5,39.5,954.8
Cartago,Estación A,2024-01-04,49.9,26.2,61.9,41.2,475.2
Palmira,Estación B,2024-03-03,145.5,82.6,34.3,49.2,1196.0
Tuluá,Estación C,2024-02-15,85.8,55.3,99.6,27.0,853.9
Tuluá,Estación B,2024-02-06,31.4,37.5,62.0,25.7,781.4
Cali,Estación A,2024-03-06,51.9,58.0,67.4,35.6,964.5
Buga,Estación A,2024-01-02,77.0,78.4,10.0,14.3,327.4
Cartago,Estación A,2024-02-21,139.9,73.2,30.5,6.4,645.4
Palmira,Estación A,2024-02-14,89.7,78.1,82.1,27.6,507.1
Buga,Estación B,2024-01-19,45.2,57.4,22.8,43.8,1114.6
Buga,Estación C,2024-01-01,53.2,30.6,69.5,55.1,663.4
Palmira,Estación A,2024-01-12,80.5,45.8,30.8,12.5,477.0
Palmira,Estación A,2024-01-26,61.3,79.0,87.7,47.5,452.0
Tuluá,Estación A,2024-01-10,46.8,39.2,62.1,9.1,1149.0
Tuluá,Estación B,2024-02-23,144.6,84.4,91.8,33.2,624.1
Tuluá,Estación A,2024-01-21,62.9,76.8,10.5,36.1,605.3
Tuluá,Estación C,2024-01-29,146.1,47.9,45.4,51.6,684.2
Cartago,Estación B,2024-03-03,138.4,32.9,28.6,58.3,322.5
Palmira,Estación A,2024-02-09,62.8,30.7,51.0,55.0,394.0
Tuluá,Estación C,2024-01-19,88.0,52.6,38.9,12.3,638.7
Palmira,Estación C,2024-02-29,78.4,25.3,55.6,12.0,729.0
Cali,Estación B,2024-01-02,38.0,17.1,32.0,53.5,674.3
Cali,Estación B,2024-01-25,143.5,33.4,21.8,21.6,1105.6
Cali,Estación A,2024-02-03,50.7,43.5,92.0,38.8,670.8
Buga,Estación A,2024-01-15,38.0,88.2,96.1,8.3,698.9
Palmira,Estación A,2024-02-19,42.1,68.1,12.8,52.9,424.8
Cali,Estación C,2024-03-05,90.5,68.2,32.4,22.8,600.8
Buga,Estación C,2024-01-29,49.8,73.3,30.6,34.0,706.4
Tuluá,Estación C,2024-03-01,107.5,88.0,15.0,36.6,1076.7
Palmira,Estación C,2024-01-16,38.4,65.8,25.6,23.9,355.4
Cali,Estación B,2024-01-08,118.6,80.0,66.4,41.8,413.7
Cali,Estación B,2024-01-15,88.0,81.5,44.1,46.2,387.1
Cartago,Estación C,2024-01-15,44.5,79.8,54.4,36.5,812.5
Cali,Estación B,2024-01-13,117.6,45.8,66.6,43.5,940.0
Tuluá,Estación B,2024-02-05,59.6,67.1,46.9,53.2,568.2
Tuluá,Estación A,2024-01-20,133.7,73.6,93.8,18.5,819.3
Tuluá,Estación C,2024-01-08,126.5,28.5,46.6,24.6,1011.9
Tuluá,Estación C,2024-01-01,43.9,86.0,76.0,40.1,880.7
Tuluá,Estación B,2024-02-22,112.0,16.5,76.2,31.8,1031.9
Cartago,Estación A,2024-02-17,148.8,21.8,70.1,20.6,876.1
Palmira,Estación B,2024-02-21,55.1,15.3,31.7,33.0,642.0
Cali,Estación A,2024-01-06,64.5,70.3,50.8,59.4,349.3
Tuluá,Estación A,2024-02-29,79.3,41.6,46.6,27.5,789.8
Cali,Estación B,2024-02-04,68.5,87.3,67.7,6.3,687.2
Cali,Estación B,2024-01-28,86.8,61.0,88.2,41.4,690.6
Buga,Estación C,2024-03-03,30.7,63.8,28.2,54.0,1073.1
Buga,Estación C,2024-01-18,65.7,49.2,16.4,48.9,519.0
Tuluá,Estación A,2024-01-05,140.1,25.0,70.4,5.2,1132.2
Cartago,Estación B,2024-01-25,114.5,34.5,94.8,34.2,1048.2
Palmira,Estación B,2024-01-02,51.8,68.4,44.6,27.1,1005.0
Palmira,Estación A,2024-02-26,67.7,25.6,29.2,10.8,914.8
Tuluá,Estación B,2024-02-14,140.9,56.2,62.5,27.1,1154.2
Tuluá,Estación A,2024-02-03,38.9,22.8,83.2,7.1,893.0
Palmira,Estación C,2024-01-10,91.6,75.2,43.6,26.3,386.1
Tuluá,Estación B,2024-01-01,143.5,48.2,63.9,31.2,1139.6
Cartago,Estación C,2024-01-12,106.3,86.2,99.7,25.6,839.1
Buga,Estación C,2024-02-16,57.5,24.1,42.7,19.0,756.0
Cali,Estación B,2024-02-18,143.3,44.7,72.4,31.9,761.3
Buga,Estación A,2024-01-05,63.3,80.2,64.4,38.8,778.7
Palmira,Estación A,2024-02-10,116.4,66.5,18.6,55.7,811.6
Palmira,Estación C,2024-02-25,45.2,88.0,30.8,47.5,605.1
Buga,Estación B,2024-01-18,124.4,33.8,47.5,24.3,1072.9
Buga,Estación B,2024-01-05,76.1,47.4,98.1,9.9,1130.0
Cali,Estación A,2024-01-10,64.3,87.1,38.2,10.4,774.1
Cartago,Estación A,2024-01-20,115.6,18.0,44.8,27.3,450.2
Cali,Estación C,2024-02-26,93.3,25.6,10.1,49.6,378.8
Buga,Estación A,2024-01-23,136.3,69.7,93.5,23.3,752.9
Cali,Estación B,2024-01-12,128.7,53.9,51.6,22.3,822.9
Tuluá,Estación A,2024-01-28,113.6,43.2,94.8,50.0,828.9
Tuluá,Estación B,2024-02-13,38.5,59.9,33.8,34.0,765.7
Buga,Estación A,2024-02-08,56.6,27.1,43.5,51.6,1045.1
Palmira,Estación A,2024-01-30,46.9,61.9,75.6,56.3,551.0
Palmira,Estación C,2024-03-02,131.0,46.1,79.1,7.2,410.6
Palmira,Estación A,2024-01-02,42.8,69.0,86.9,19.1,318.8
Buga,Estación C,2024-01-04,91.4,84.7,88.7,12.4,455.5
Tuluá,Estación B,2024-02-25,127.8,88.4,89.2,20.4,395.4
Tuluá,Estación B,2024-01-30,149.8,71.4,87.8,40.8,1070.7
Palmira,Estación A,2024-01-18,128.7,30.8,45.5,22.4,660.1
Cartago,Estación B,2024-01-13,122.3,47.2,78.3,25.4,519.7
Palmira,Estación C,2024-02-24,60.6,34.7,60.1,27.6,1153.0
Cartago,Estación A,2024-02-19,61.8,77.6,39.4,31.8,1147.0
Cali,Estación C,2024-02-07,35.3,39.5,66.1,8.1,321.5
Cartago,Estación C,2024-01-27,65.5,57.1,74.3,45.0,899.9
Tuluá,Estación A,2024-02-15,118.9,73.8,78.7,44.7,484.1
Tuluá,Estación A,2024-01-11,73.8,83.4,80.2,46.5,846.0
Tuluá,Estación B,2024-02-12,48.9,65.3,77.9,11.1,721.0
Buga,Estación A,2024-03-06,95.5,68.0,81.1,15.7,535.6
Tuluá,Estación A,2024-02-28,78.6,29.9,96.5,33.1,960.5
Buga,Estación A,2024-02-28,105.6,37.6,11.7,53.9,504.2
Cali,Estación A,2024-01-08,135.0,85.4,82.5,51.8,795.5
Cali,Estación C,2024-01-16,103.5,58.9,59.3,40.2,533.5
Palmira,Estación C,2024-01-08,68.9,25.2,89.9,30.9,1090.3
Tuluá,Estación C,2024-01-25,84.6,67.4,44.9,13.8,658.3
Palmira,Estación A,2024-01-14,146.8,29.5,41.1,24.7,307.6
Palmira,Estación B,2024-02-19,114.5,59.2,50.5,52.2,1161.2
Buga,Estación A,2024-01-04,142.6,24.2,29.1,6.6,690.5
Buga,Estación C,2024-02-22,143.9,40.5,19.7,32.9,377.2
Cartago,Estación A,2024-01-29,144.3,74.6,13.6,23.3,723.5
Tuluá,Estación C,2024-02-21,124.8,70.4,66.3,59.3,780.2
Cartago,Estación C,2024-03-02,131.6,65.9,95.9,33.1,1122.4
Buga,Estación B,2024-02-16,60.2,67.1,79.3,18.5,344.5
Cartago,Estación C,2024-01-26,66.7,24.6,59.1,52.2,910.3
Buga,Estación C,2024-02-09,70.9,45.6,41.4,47.0,387.3
Tuluá,Estación B,2024-01-05,41.2,59.2,57.9,19.7,1109.5
Tuluá,Estación C,2024-01-13,114.0,33.5,91.3,10.7,1184.4
Tuluá,Estación C,2024-03-09,116.0,21.3,83.1,44.5,956.6
Buga,Estación B,2024-03-03,44.1,86.9,18.2,17.7,341.9
Cartago,Estación B,2024-02-18,129.9,24.1,82.9,31.5,705.6
Cali,Estación C,2024-01-24,137.3,84.0,15.0,50.1,333.9
Palmira,Estación A,2024-01-19,48.1,52.8,82.1,29.3,741.6
Tuluá,Estación B,2024-02-03,90.6,54.8,82.5,48.5,823.2
Buga,Estación C,2024-01-17,87.1,86.6,32.3,45.2,695.5
Palmira,Estación A,2024-01-03,56.8,19.2,19.3,28.7,506.9
Buga,Estación C,2024-02-25,66.5,48.7,58.9,10.5,1138.9
Cali,Estación B,2024-01-10,116.4,71.5,29.7,29.4,856.0
Cali,Estación C,2024-01-09,43.1,44.8,40.3,36.3,1075.0
Palmira,Estación B,2024-01-23,40.3,28.8,78.3,6.2,1035.2
Tuluá,Estación A,2024-01-29,60.3,30.3,40.6,31.2,566.5
Tuluá,Estación B,2024-01-12,69.3,33.2,25.2,47.6,416.7
Tuluá,Estación B,2024-02-28,90.2,18.3,41.4,14.9,882.4
Cartago,Estación A,2024-01-02,133.1,45.3,73.2,35.6,1067.7
Cali,Estación A,2024-02-13,45.2,78.2,42.6,41.3,723.7
Tuluá,Estación B,2024-01-04,69.5,55.3,92.0,51.6,414.7
Cali,Estación B,2024-03-04,95.2,37.9,26.4,9.7,942.7
Tuluá,Estación C,2024-02-04,122.4,49.7,74.3,45.5,424.4
Palmira,Estación B,2024-02-01,54.1,28.4,40.4,28.0,757.7
Tuluá,Estación B,2024-01-18,117.9,60.8,83.8,27.2,499.4
Buga,Estación A,2024-01-26,48.3,83.4,90.4,41.0,905.0
Tuluá,Estación B,2024-01-27,113.5,72.4,49.7,44.4,647.8
Cartago,Estación A,2024-01-10,73.1,84.5,72.9,19.1,807.7
Buga,Estación C,2024-02-11,40.6,36.8,43.5,47.7,836.3
Cali,Estación A,2024-01-01,64.5,56.8,37.4,9.8,301.3
Buga,Estación C,2024-01-13,86.5,18.6,89.4,29.4,830.0
Palmira,Estación C,2024-02-02,82.0,45.9,13.2,32.4,798.8
Palmira,Estación B,2024-02-06,119.3,61.5,82.3,28.7,1007.2
Buga,Estación B,2024-03-02,91.2,22.9,87.2,22.0,1174.2
Tuluá,Estación C,2024-02-01,50.7,15.2,50.6,24.4,799.4
Palmira,Estación C,2024-02-28,137.5,19.3,22.7,44.4,693.6
Cartago,Estación B,2024-02-01,42.1,46.8,37.6,54.8,1082.4
Cartago,Estación C,2024-01-25,31.0,23.3,31.6,17.2,1188.1
Buga,Estación B,2024-02-20,34.5,17.0,76.5,22.5,1016.7
Cali,Estación C,2024-02-02,67.6,28.4,91.2,26.8,520.8
Cali,Estación B,2024-02-25,39.4,54.5,46.3,37.4,380.3
Buga,Estación A,2024-03-07,91.5,39.8,87.4,31.1,1019.6
Tuluá,Estación B,2024-01-10,139.8,51.7,50.5,16.0,576.9
Tuluá,Estación C,2024-02-06,46.6,71.1,52.3,48.1,971.6
Cartago,Estación B,2024-03-02,124.6,41.4,25.0,6.8,647.1
Cali,Estación B,2024-01-21,74.3,25.2,56.7,11.2,1140.6
Cartago,Estación C,2024-01-31,51.3,42.3,43.6,59.6,1195.3
Cali,Estación C,2024-02-11,120.4,68.7,70.2,31.2,878.1
Palmira,Estación C,2024-01-14,95.0,83.9,91.0,29.6,547.0
Palmira,Estación A,2024-03-05,64.8,62.2,20.6,41.0,555.0
Buga,Estación B,2024-02-22,44.6,56.7,39.4,29.3,882.3
Cartago,Estación B,2024-02-22,79.7,34.0,88.3,28.8,1027.5
Cali,Estación A,2024-03-10,101.1,77.7,13.9,18.0,1100.8
Palmira,Estación B,2024-01-12,60.6,24.5,15.3,21.8,441.9
Cali,Estación B,2024-03-02,56.0,65.2,97.4,14.7,837.4
Palmira,Estación B,2024-01-21,140.6,88.4,11.0,39.3,671.6
Buga,Estación B,2024-01-13,147.2,36.1,95.8,7.9,938.3
Palmira,Estación B,2024-02-16,91.8,27.8,69.7,51.9,532.1
Cali,Estación C,2024-01-05,128.1,17.9,88.4,33.2,658.4
Cartago,Estación C,2024-01-21,94.0,79.3,76.3,16.9,659.4
Cartago,Estación B,2024-02-23,61.6,15.3,54.6,10.5,978.9
Cartago,Estación A,2024-02-16,116.9,82.9,81.6,37.1,904.2
Cali,Estación B,2024-03-06,74.1,22.5,37.9,41.5,899.2
Cartago,Estación C,2024-01-17,115.2,30.7,37.6,31.1,704.4
Buga,Estación B,2024-01-23,135.6,81.6,96.2,52.7,301.9
Cali,Estación C,2024-01-25,74.1,55.7,23.3,46.0,307.5
Cali,Estación A,2024-01-29,85.3,82.6,93.7,26.1,742.6
Buga,Estación A,2024-02-19,123.6,73.8,56.7,52.2,652.2
Cali,Estación C,2024-02-23,144.5,31.7,93.0,28.4,1187.0
Cartago,Estación A,2024-03-03,62.8,37.7,65.1,29.1,954.1
Buga,Estación C,2024-02-13,99.3,81.7,73.0,16.1,686.8
Tuluá,Estación A,2024-01-14,87.9,53.6,84.6,29.4,813.8
Cartago,Estación C,2024-01-08,85.7,19.4,75.6,23.1,888.1
Cali,Estación C,2024-01-30,148.8,30.7,11.1,59.9,553.0
Tuluá,Estación B,2024-02-21,60.8,43.5,88.4,41.5,607.5
Cali,Estación C,2024-01-01,94.4,47.8,34.1,38.2,1084.2
Cali,Estación C,2024-02-03,83.8,39.0,77.0,58.4,694.2
Cali,Estación A,2024-01-07,72.6,51.1,55.3,22.4,956.3
Buga,Estación C,2024-02-20,90.1,43.1,66.3,48.6,552.5
Tuluá,Estación B,2024-02-15,123.3,36.4,86.0,28.8,1045.8
Cartago,Estación B,2024-02-21,97.8,79.6,83.9,11.7,1063.7
Cartago,Estación A,2024-01-16,98.0,26.2,52.2,50.7,313.9
Cali,Estación B,2024-01-04,139.0,75.3,15.9,43.1,814.7
Buga,Estación B,2024-02-07,73.6,36.5,55.1,30.1,610.0
Tuluá,Estación B,2024-02-07,135.2,83.4,33.9,30.4,794.2
Palmira,Estación A,2024-01-29,73.6,63.1,91.1,14.0,643.3
Cali,Estación C,2024-01-06,89.7,65.1,11.1,52.9,702.1
Cartago,Estación A,2024-01-13,91.5,65.7,96.4,19.0,1087.5
Palmira,Estación A,2024-01-25,107.7,68.4,26.1,9.4,1146.4
Palmira,Estación A,2024-01-11,66.4,67.3,81.1,21.3,746.1
Palmira,Estación A,2024-01-05,72.5,43.6,47.1,45.0,706.5
Buga,Estación B,2024-01-12,116.9,83.1,31.2,55.0,578.5
Cali,Estación B,2024-03-03,80.9,48.5,32.9,50.4,736.7
Cartago,Estación C,2024-03-08,100.7,35.7,25.8,47.6,1152.1
Cartago,Estación A,2024-03-07,61.5,33.4,96.9,5.5,1091.7
Buga,Estación B,2024-01-08,43.0,47.1,18.9,39.1,429.3
Tuluá,Estación A,2024-01-03,90.7,76.3,87.5,38.9,311.5
Cali,Estación C,2024-02-15,99.3,71.2,96.8,9.0,348.1
Cali,Estación A,2024-02-11,73.2,55.6,71.0,43.6,1160.4
Buga,Estación B,2024-03-08,68.6,20.6,90.6,49.1,425.6
Cali,Estación B,2024-02-08,116.7,20.8,19.6,32.1,444.6
Buga,Estación A,2024-01-06,41.0,48.4,100.0,50.9,1104.1
Cali,Estación A,2024-02-26,110.0,36.3,62.7,37.3,701.2
Tuluá,Estación A,2024-03-03,139.1,62.8,79.2,25.3,1164.0
Buga,Estación B,2024-02-23,89.3,61.5,59.0,45.7,935.3
Buga,Estación C,2024-01-24,34.5,36.4,27.6,5.6,518.1
Tuluá,Estación A,2024-02-18,82.0,20.3,53.9,43.6,761.9
Cartago,Estación B,2024-01-17,81.1,71.7,64.5,42.9,554.1
Tuluá,Estación A,2024-01-16,101.3,59.5,24.8,11.8,1182.0
Cali,Estación A,2024-01-25,90.4,21.2,65.8,23.7,1070.3
Tuluá,Estación B,2024-02-29,85.7,52.1,48.5,57.6,493.3
Tuluá,Estación B,2024-01-29,110.9,55.6,85.9,46.9,352.5
Cartago,Estación C,2024-03-10,30.6,80.5,37.7,56.6,585.3
Buga,Estación A,2024-02-07,103.5,68.7,47.5,46.7,504.3
Cartago,Estación C,2024-02-11,44.4,54.9,42.1,48.6,982.3
Cartago,Estación C,2024-01-18,115.0,61.8,68.0,44.3,563.4
Palmira,Estación B,2024-02-28,62.4,30.5,68.9,27.9,461.7
Cali,Estación A,2024-02-21,75.2,55.0,10.0,18.3,487.4
Palmira,Estación C,2024-02-03,97.1,68.0,26.0,18.9,1029.7
Cartago,Estación A,2024-01-22,71.6,60.0,94.3,14.2,945.9
Cartago,Estación C,2024-01-10,70.2,49.8,93.4,54.6,380.9
Buga,Estación A,2024-02-22,96.4,61.2,52.7,26.5,1123.9
Cartago,Estación C,2024-01-16,79.3,29.4,77.1,12.0,393.5
Palmira,Estación A,2024-02-24,82.3,46.1,75.9,42.7,1049.9
Buga,Estación B,2024-01-09,92.7,15.5,38.5,42.2,735.6
Buga,Estación B,2024-03-06,138.1,88.2,91.2,12.0,1041.4
Buga,Estación B,2024-02-06,48.3,21.2,67.8,31.0,1117.1
Tuluá,Estación A,2024-01-25,44.0,59.7,34.7,9.4,686.6
Palmira,Estación C,2024-02-15,116.9,45.3,29.3,24.6,555.7
Tuluá,Estación B,2024-03-09,52.4,40.9,41.3,30.8,600.7
Cali,Estación C,2024-02-06,88.6,60.2,39.3,59.1,900.6
Cali,Estación A,2024-01-19,139.8,27.5,20.9,9.7,1118.5
Cartago,Estación B,2024-03-10,42.0,41.4,46.3,5.9,1033.3
Tuluá,Estación B,2024-02-18,50.5,22.8,31.4,25.9,728.3
Tuluá,Estación C,2024-02-23,113.6,59.7,51.4,25.0,617.7
Tuluá,Estación C,2024-01-31,123.7,31.1,74.4,49.0,611.5
Palmira,Estación C,2024-01-18,86.4,80.5,78.7,33.2,903.7
Cali,Estación B,2024-01-14,36.2,79.5,51.2,19.4,517.6
Cali,Estación A,2024-03-02,44.4,75.2,32.2,54.5,1119.7
Tuluá,Estación B,2024-01-25,55.2,81.4,65.5,28.6,464.1
Palmira,Estación A,2024-03-03,90.0,37.9,97.6,41.5,667.4
Palmira,Estación B,2024-01-06,64.6,32.7,75.7,7.2,385.3
Palmira,Estación C,2024-01-11,139.8,21.8,68.3,27.7,665.1
Palmira,Estación C,2024-01-05,84.3,46.8,24.1,28.5,783.7
Cartago,Estación B,2024-02-11,130.9,81.3,24.4,23.7,601.7
Palmira,Estación A,2024-03-09,44.4,67.8,68.0,25.6,1155.8
Palmira,Estación C,2024-01-19,131.7,15.7,46.3,54.9,966.3
Buga,Estación A,2024-02-04,142.4,75.6,67.2,21.7,1184.7
Tuluá,Estación C,2024-02-28,133.1,89.4,36.5,44.1,403.9
Tuluá,Estación C,2024-01-30,96.2,32.3,76.9,34.3,1028.1
Buga,Estación A,2024-01-28,71.4,82.0,36.2,35.9,389.8
Cartago,Estación C,2024-02-08,31.5,59.5,89.8,41.9,1183.8
Tuluá,Estación A,2024-02-06,71.8,68.3,42.8,50.8,708.8
Palmira,Estación C,2024-02-13,131.4,54.4,72.2,53.6,746.1
Buga,Estación A,2024-02-24,92.3,25.5,56.2,18.3,465.9
Buga,Estación B,2024-01-24,75.6,76.4,43.0,38.1,845.7
Palmira,Estación C,2024-01-26,102.5,35.8,87.6,20.6,918.1
Palmira,Estación C,2024-03-03,54.4,45.1,86.1,24.0,889.2
Cali,Estación B,2024-01-05,138.9,24.2,58.1,53.4,669.0
Cartago,Estación B,2024-02-07,78.3,40.8,46.1,46.9,734.3
Tuluá,Estación B,2024-01-11,35.1,62.5,32.4,21.7,993.7
Tuluá,Estación C,2024-02-14,121.9,40.4,25.8,28.2,1014.5
Cali,Estación B,2024-02-14,59.5,54.9,53.4,43.7,361.2
Palmira,Estación C,2024-03-08,35.0,52.7,62.6,55.6,344.2
Cali,Estación B,2024-01-20,95.0,24.8,79.0,56.3,1152.6
Cartago,Estación C,2024-01-11,45.8,52.2,19.6,24.0,433.5
Cartago,Estación B,2024-01-23,44.4,46.3,16.5,10.4,674.3
Cartago,Estación A,2024-02-04,119.5,30.4,43.4,39.9,316.3
Buga,Estación A,2024-01-31,127.2,49.5,91.3,27.5,772.4
Cali,Estación A,2024-01-12,126.0,70.5,48.4,23.4,584.8
Palmira,Estación C,2024-02-16,51.1,70.7,32.7,30.0,647.3
Tuluá,Estación C,2024-01-16,69.6,59.7,88.5,7.6,646.9
Cali,Estación A,2024-02-12,93.8,45.0,95.8,40.3,568.3
Cali,Estación C,2024-01-28,111.0,46.3,75.8,33.7,366.8
Palmira,Estación C,2024-03-07,71.2,45.8,74.8,33.1,1149.2
Cartago,Estación B,2024-02-27,109.7,46.1,14.0,48.1,910.8
Tuluá,Estación A,2024-01-07,100.2,48.2,13.1,22.6,1029.4
Tuluá,Estación B,2024-02-24,85.8,66.7,89.6,16.4,1126.4
Cartago,Estación B,2024-02-08,142.8,37.0,47.4,48.3,791.4
Cartago,Estación C,2024-02-20,37.8,88.1,71.3,28.0,931.6
Cartago,Estación A,2024-03-05,48.0,21.7,60.7,11.3,424.9
Buga,Estación A,2024-02-01,87.3,48.6,79.8,34.0,585.0
Palmira,Estación A,2024-02-17,41.9,35.4,87.0,24.1,1175.7
Palmira,Estación B,2024-02-25,67.1,23.8,98.7,22.0,417.3
Cali,Estación A,2024-01-16,127.3,29.8,29.2,42.2,664.5
Buga,Estación A,2024-02-18,33.8,50.2,93.2,26.9,862.4
Palmira,Estación B,2024-02-14,48.8,47.8,45.7,45.9,822.7
Buga,Estación C,2024-02-17,146.0,58.1,90.1,40.8,727.7
Palmira,Estación A,2024-01-13,36.6,29.9,10.8,39.5,584.7
Cali,Estación C,2024-02-09,112.7,53.6,28.0,22.6,832.6
Cali,Estación B,2024-01-30,35.6,65.1,87.6,14.0,1031.2
Tuluá,Estación B,2024-02-01,124.6,77.7,24.6,52.0,918.1
Cali,Estación A,2024-01-23,38.6,83.2,96.2,9.3,779.1
Palmira,Estación C,2024-01-07,139.1,16.4,60.1,48.3,787.2
Buga,Estación B,2024-01-21,99.4,66.7,19.6,50.2,692.0
Cartago,Estación B,2024-01-18,87.8,18.3,83.6,59.4,666.2
Buga,Estación B,2024-02-27,81.3,39.8,18.1,35.9,731.1
Palmira,Estación B,2024-03-01,110.8,23.6,72.5,29.3,1150.5
Tuluá,Estación A,2024-01-12,105.2,62.9,66.6,35.5,1187.8
Tuluá,Estación C,2024-02-05,145.9,76.6,28.4,15.2,413.1
Cartago,Estación A,2024-02-28,57.7,80.6,25.4,28.4,468.5
Cali,Estación C,2024-03-04,105.0,36.2,44.0,10.7,947.1
Buga,Estación B,2024-03-01,82.2,45.1,61.8,37.1,975.0
Cali,Estación B,2024-01-24,103.4,57.4,74.3,56.6,1121.0
Tuluá,Estación C,2024-02-12,141.0,26.0,97.4,57.1,1096.1
Cali,Estación A,2024-03-09,40.9,84.2,72.0,12.0,621.1
Cartago,Estación B,2024-02-13,105.3,43.2,22.7,44.0,1069.1
Palmira,Estación B,2024-01-05,127.9,75.2,53.8,21.4,874.3
Cartago,Estación A,2024-01-26,93.7,45.6,34.6,12.2,1037.2
Tuluá,Estación A,2024-01-15,93.2,17.9,65.4,50.5,441.8
Cali,Estación C,2024-01-14,128.5,36.4,31.5,48.3,350.7
Cali,Estación B,2024-01-06,87.8,20.3,35.0,22.8,1150.6
Buga,Estación C,2024-01-19,117.0,20.1,96.0,15.6,1094.5
Tuluá,Estación C,2024-01-21,64.5,27.1,32.4,17.4,767.5
Tuluá,Estación A,2024-01-27,120.6,63.7,67.4,35.4,310.3
Cali,Estación C,2024-02-18,38.7,81.1,33.1,37.6,1142.4
Palmira,Estación A,2024-03-02,102.5,29.9,54.5,45.8,993.4
Palmira,Estación A,2024-01-27,128.6,72.7,63.7,23.5,536.3
Tuluá,Estación A,2024-03-08,116.5,69.6,10.0,57.5,1032.8
Tuluá,Estación B,2024-03-10,42.9,25.9,13.0,30.9,1159.0
Cali,Estación B,2024-02-17,58.1,18.7,34.2,41.0,780.3
Cartago,Estación A,2024-02-10,32.7,60.7,43.1,27.9,1048.8
Tuluá,Estación B,2024-01-23,61.8,41.2,73.7,25.2,799.7
Tuluá,Estación C,2024-02-07,102.6,66.5,11.7,22.1,874.0
Buga,Estación A,2024-01-14,97.9,68.7,19.9,46.2,422.3
Cali,Estación B,2024-02-26,81.7,28.1,98.8,35.9,918.7
Cali,Estación B,2024-02-16,55.8,79.6,94.8,33.5,617.1
Tuluá,Estación A,2024-02-23,87.1,60.2,98.7,56.6,1075.9
Cartago,Estación C,2024-02-22,141.2,60.2,28.3,55.6,1123.4
Cali,Estación A,2024-02-27,130.3,34.9,50.4,34.6,897.3
Buga,Estación B,2024-01-29,136.4,55.6,68.2,35.0,346.1
Cartago,Estación C,2024-01-01,73.1,58.5,16.7,14.6,1100.7
Palmira,Estación C,2024-01-20,95.1,54.7,41.3,33.6,889.8
Palmira,Estación A,2024-02-28,133.5,48.2,62.7,58.7,779.1
Cali,Estación A,2024-02-16,53.3,55.2,94.1,50.9,1058.3
Palmira,Estación B,2024-03-10,147.4,89.6,60.0,14.4,584.5
Cali,Estación C,2024-02-25,46.8,22.2,48.2,56.4,788.1
Cali,Estación B,2024-02-02,60.8,29.3,70.3,5.0,1025.3
Cartago,Estación A,2024-02-29,122.8,50.6,41.6,24.9,1067.0
Buga,Estación B,2024-02-15,82.3,37.1,14.5,31.8,619.9
Cartago,Estación A,2024-02-23,59.8,47.4,70.1,28.6,697.2
Palmira,Estación A,2024-02-23,31.8,51.1,40.0,29.7,813.6
Tuluá,Estación A,2024-01-24,109.4,59.4,76.3,36.4,360.1
Buga,Estación C,2024-01-23,96.6,36.5,94.6,46.9,1175.3
Palmira,Estación B,2024-01-25,71.1,23.1,16.3,37.4,768.6
Palmira,Estación B,2024-03-02,47.0,63.2,44.4,57.6,597.0
Cartago,Estación B,2024-01-27,53.1,62.1,98.1,30.5,1035.7
Palmira,Estación B,2024-02-03,65.8,80.0,77.2,52.2,745.5
Cali,Estación C,2024-01-10,39.4,20.4,86.5,16.7,901.9
Cali,Estación B,2024-02-24,110.9,62.5,19.0,38.2,408.9
Cartago,Estación A,2024-01-07,113.1,59.4,89.1,24.6,569.9
Cartago,Estación A,2024-02-15,96.5,60.0,97.9,40.3,327.7
Cali,Estación A,2024-02-20,34.7,29.0,84.8,47.2,615.6
Palmira,Estación C,2024-01-04,60.3,86.7,93.1,30.2,1061.6
Cartago,Estación C,2024-01-19,68.7,47.8,37.7,59.2,1032.6
Cali,Estación C,2024-01-03,87.5,42.5,92.2,25.3,636.1
Tuluá,Estación A,2024-02-20,99.2,74.4,39.2,44.4,421.9
Palmira,Estación C,2024-02-19,90.6,26.2,19.3,11.8,390.9
Cartago,Estación B,2024-01-20,60.5,72.3,71.9,22.8,790.9
Palmira,Estación B,2024-02-10,129.6,18.7,86.7,35.2,477.6
Cali,Estación A,2024-01-20,53.2,46.2,50.4,37.9,364.6
Cartago,Estación A,2024-03-08,54.0,86.0,40.8,29.2,936.4
Cartago,Estación A,2024-01-11,94.0,25.3,63.2,22.3,347.1
Cartago,Estación A,2024-02-24,37.9,45.1,78.8,55.3,672.1
Palmira,Estación C,2024-02-27,86.6,52.2,75.9,9.8,901.4
Tuluá,Estación B,2024-02-17,65.6,69.4,30.7,5.0,943.7
Buga,Estación A,2024-03-04,124.1,61.7,38.4,34.8,382.1
Cali,Estación A,2024-02-08,127.4,80.0,70.6,7.6,809.7
Cali,Estación C,2024-02-05,108.1,81.7,49.6,54.6,975.6
Palmira,Estación A,2024-02-05,48.4,84.1,78.2,45.2,938.3
Cartago,Estación A,2024-02-22,47.0,68.3,69.5,7.4,1052.9
Buga,Estación B,2024-01-22,38.7,74.0,43.9,10.5,870.4
Cartago,Estación B,2024-02-03,33.9,25.0,71.8,16.7,1071.8
Cartago,Estación B,2024-01-15,142.0,33.1,81.8,28.8,1125.8
Cali,Estación C,2024-01-15,74.3,52.9,60.4,45.1,619.4
Buga,Estación A,2024-01-09,142.6,19.0,11.1,41.4,560.4
Palmira,Estación B,2024-01-08,47.9,33.1,94.3,33.6,628.3
Tuluá,Estación C,2024-03-06,40.7,19.4,43.5,44.6,799.3
Buga,Estación B,2024-02-11,85.1,33.9,43.3,6.1,771.6
Tuluá,Estación C,2024-01-10,75.1,52.3,40.9,18.3,658.7
Buga,Estación C,2024-02-01,107.6,28.7,77.5,23.6,938.9
Cali,Estación A,2024-01-18,48.8,42.5,65.7,13.8,1171.2
Cali,Estación B,2024-02-27,69.1,22.1,97.8,20.7,681.4
Palmira,Estación B,2024-02-12,127.5,24.9,31.0,29.9,765.4
Palmira,Estación A,2024-02-15,78.7,77.0,30.5,33.8,1025.5
Buga,Estación C,2024-01-21,52.1,48.2,24.9,59.0,386.6
Cartago,Estación C,2024-02-23,148.7,80.6,99.8,18.5,1058.0
Cali,Estación C,2024-02-20,149.6,71.3,68.0,24.5,344.2
Cali,Estación B,2024-02-15,53.3,31.1,76.4,15.4,816.1
Buga,Estación A,2024-02-05,62.9,30.2,49.8,8.1,1180.6
Tuluá,Estación C,2024-02-16,73.8,44.5,72.6,56.6,788.1
Cali,Estación C,2024-02-10,38.7,26.1,16.6,49.7,977.2
Palmira,Estación B,2024-01-22,133.2,33.9,98.3,38.8,1014.2
Buga,Estación C,2024-02-29,48.3,20.0,29.4,12.0,581.2
Cartago,Estación A,2024-03-01,96.5,68.8,90.7,54.6,595.7
Buga,Estación C,2024-01-11,142.4,77.0,86.0,36.3,644.1
Buga,Estación B,2024-02-09,115.9,44.6,70.9,31.2,1194.4
Buga,Estación B,2024-01-16,59.1,46.1,30.9,32.0,1085.2
Tuluá,Estación B,2024-01-28,55.4,62.5,97.8,22.1,714.9
Palmira,Estación C,2024-01-23,80.2,83.3,99.4,10.8,509.7
Cali,Estación A,2024-02-15,82.3,71.2,84.5,47.4,334.9
Cartago,Estación B,2024-03-08,75.7,61.0,66.1,31.5,660.6
Cali,Estación C,2024-01-18,114.2,74.2,41.6,27.3,654.3
Buga,Estación C,2024-02-02,35.7,45.6,73.5,17.5,1015.8
Cali,Estación C,2024-02-01,110.4,29.1,66.2,23.5,490.1
Cali,Estación A,2024-01-17,141.8,21.7,56.0,55.5,1113.7
Tuluá,Estación B,2024-01-22,46.7,33.9,75.9,14.1,616.2
Cali,Estación A,2024-02-18,143.6,33.1,31.6,9.6,1135.7
Cali,Estación C,2024-02-21,33.7,56.6,78.6,34.6,1056.7
Cartago,Estación A,2024-03-06,66.0,36.1,64.4,49.9,985.2
Tuluá,Estación B,2024-01-26,143.1,71.6,28.7,23.6,1028.7
Buga,Estación B,2024-02-04,52.5,48.6,64.1,23.0,1002.9
Buga,Estación B,2024-02-10,117.5,86.4,85.1,54.7,1033.0
Tuluá,Estación A,2024-03-01,95.2,52.3,22.1,32.3,452.2
Palmira,Estación B,2024-01-04,73.6,18.9,71.7,29.0,475.3
Buga,Estación C,2024-01-05,72.9,36.8,65.3,54.7,1166.1
Buga,Estación B,2024-01-07,79.1,43.1,93.3,50.6,398.1
Palmira,Estación A,2024-01-16,95.2,64.0,44.8,40.6,340.3
Cali,Estación A,2024-01-27,122.1,30.4,39.0,30.6,1148.9
Cartago,Estación A,2024-01-03,67.8,54.3,53.7,24.5,1102.3
Tuluá,Estación A,2024-01-18,107.2,21.6,90.4,26.4,582.0
Cartago,Estación C,2024-02-12,139.3,16.1,82.8,56.6,1010.4
Palmira,Estación C,2024-01-15,77.2,44.1,35.8,19.8,1075.0
Palmira,Estación A,2024-01-20,131.9,68.0,54.1,19.2,1096.4
Cali,Estación A,2024-02-07,87.0,38.8,79.0,32.4,579.0
Buga,Estación A,2024-02-09,75.9,59.2,74.9,18.3,451.3
Cartago,Estación C,2024-02-24,128.8,32.3,18.9,58.9,566.4
Palmira,Estación C,2024-01-25,149.5,28.5,55.2,51.7,318.4
Tuluá,Estación A,2024-02-19,134.7,36.7,17.8,56.5,640.4
Cartago,Estación C,2024-02-25,134.5,15.3,11.9,30.6,514.8
Buga,Estación A,2024-02-27,89.4,78.7,88.7,14.4,422.6
Cartago,Estación B,2024-01-07,130.1,25.5,89.8,45.1,448.2
Buga,Estación B,2024-02-28,42.5,60.9,76.4,47.2,1114.8
Buga,Estación C,2024-01-14,46.7,15.3,32.1,43.8,389.3
Cali,Estación C,2024-02-24,96.5,84.8,10.5,46.2,1112.7
Cartago,Estación B,2024-01-11,77.1,15.3,34.6,37.9,1019.3
Cartago,Estación B,2024-01-21,47.7,48.9,89.3,28.2,1055.6
Tuluá,Estación B,2024-01-14,35.4,37.2,35.2,13.0,560.3
Cartago,Estación C,2024-02-26,112.8,57.4,17.0,13.9,649.2
Cartago,Estación A,2024-02-25,80.8,67.7,94.8,19.7,696.1
Tuluá,Estación C,2024-01-20,110.7,73.7,57.8,37.4,480.6
Cali,Estación C,2024-01-21,143.5,45.7,69.6,30.6,867.5
Buga,Estación A,2024-02-20,136.6,33.0,35.2,7.9,1016.0
Cali,Estación C,2024-01-23,118.3,64.8,20.2,44.6,750.3
Buga,Estación B,2024-01-06,87.6,61.8,84.7,24.8,687.4
Buga,Estación B,2024-02-26,119.8,71.9,95.8,8.0,837.2
Cali,Estación C,2024-01-13,130.4,89.7,12.0,11.2,848.5
Buga,Estación C,2024-01-31,81.2,60.5,60.2,40.8,438.7
Buga,Estación B,2024-02-24,94.1,65.9,88.6,28.8,671.5
Buga,Estación C,2024-02-14,89.3,19.1,95.9,12.1,927.7
Cali,Estación B,2024-02-11,139.6,77.5,36.8,48.4,328.1
Palmira,Estación A,2024-01-17,36.5,49.3,59.5,53.8,394.2
Cartago,Estación A,2024-02-13,94.1,19.6,28.8,31.7,377.4
Cali,Estación B,2024-02-03,39.5,29.4,44.8,31.7,619.5
Tuluá,Estación A,2024-01-02,44.9,31.1,15.8,36.6,859.8
Palmira,Estación C,2024-03-10,117.9,85.0,69.1,29.1,340.4
Buga,Estación C,2024-02-08,124.4,40.4,83.7,12.2,456.0
Tuluá,Estación C,2024-01-27,91.0,16.8,38.2,50.1,798.5
Cartago,Estación C,2024-02-01,43.8,69.4,14.7,6.7,394.8
Buga,Estación A,2024-02-12,61.5,17.7,73.4,32.1,384.8
Cali,Estación B,2024-02-19,62.1,49.1,52.4,43.9,1146.6
Cali,Estación A,2024-02-23,133.9,33.1,17.1,24.6,972.9
Cali,Estación C,2024-01-12,143.6,46.1,39.4,38.4,1137.4
Palmira,Estación C,2024-02-23,126.5,74.4,21.4,26.9,453.1
Cartago,Estación C,2024-02-06,84.5,75.1,79.5,55.6,779.9
Cali,Estación C,2024-03-08,88.7,40.6,93.2,6.3,823.3
Buga,Estación A,2024-01-29,140.6,25.6,30.2,35.7,987.7
Cartago,Estación A,2024-03-10,31.3,49.4,21.9,41.5,492.6
Cartago,Estación B,2024-03-09,148.3,76.6,49.1,45.0,542.6
Cali,Estación A,2024-01-09,129.1,37.8,45.9,22.4,720.6
Cartago,Estación A,2024-01-30,67.7,67.5,84.4,45.2,1190.4
Cali,Estación A,2024-02-06,68.5,22.0,48.4,12.1,1152.9
Tuluá,Estación A,2024-02-02,64.4,42.5,17.6,7.9,528.1
Buga,Estación A,2024-01-22,133.9,17.4,67.9,47.0,983.5
Palmira,Estación A,2024-02-13,122.7,50.5,65.6,30.1,1104.7
Palmira,Estación B,2024-01-24,31.7,64.3,42.9,38.6,926.4
Cartago,Estación B,2024-01-01,81.9,29.8,59.4,11.4,320.8
Tuluá,Estación C,2024-01-12,122.9,76.0,54.4,16.3,963.5
Tuluá,Estación C,2024-03-04,30.6,47.1,27.8,55.1,457.1
Buga,Estación B,2024-03-05,105.6,78.4,36.7,24.5,1115.4
Cartago,Estación C,2024-01-13,132.8,23.8,72.1,27.5,485.5
Palmira,Estación A,2024-02-22,105.8,34.3,95.4,14.3,1169.1
Tuluá,Estación C,2024-02-20,124.2,30.0,21.8,42.2,803.9
Palmira,Estación B,2024-01-18,95.8,67.7,81.3,39.6,437.4
Palmira,Estación C,2024-03-05,40.1,89.5,21.4,9.0,1090.7
Cali,Estación C,2024-01-11,95.1,77.5,21.3,12.1,801.1
Cartago,Estación A,2024-01-09,109.3,61.1,86.4,31.4,1083.4
Buga,Estación A,2024-01-11,91.5,65.5,44.8,18.8,449.6
Cartago,Estación B,2024-02-16,146.6,21.3,91.1,11.9,653.7
Tuluá,Estación B,2024-03-01,92.0,70.2,60.1,56.1,640.2
Cartago,Estación A,2024-01-12,143.8,63.1,88.9,42.2,621.3
Tuluá,Estación A,2024-03-09,138.5,16.2,94.0,49.5,1053.5
Buga,Estación B,2024-01-11,139.3,76.5,21.5,59.9,532.7
Cali,Estación C,2024-01-08,111.4,46.6,96.5,38.0,1026.7
Cali,Estación C,2024-01-07,71.2,25.4,49.6,32.3,663.3
Buga,Estación C,2024-01-08,145.1,48.3,78.0,46.3,539.0
Cartago,Estación C,2024-01-23,113.3,23.4,60.9,18.7,688.5
Cartago,Estación A,2024-01-14,140.9,65.3,93.8,26.9,1157.7
Cartago,Estación B,2024-02-10,67.0,81.3,70.9,23.8,789.2
Buga,Estación A,2024-01-30,104.3,32.4,10.1,46.6,1186.7
Palmira,Estación B,2024-03-09,127.2,25.1,52.2,56.6,467.2
Tuluá,Estación A,2024-02-13,85.7,34.0,55.5,6.7,418.6
Palmira,Estación B,2024-02-15,76.6,27.8,30.4,36.7,681.1
Cali,Estación C,2024-02-16,142.5,54.7,65.3,31.5,384.3
Cali,Estación B,2024-02-23,74.8,52.0,62.1,15.4,1110.8
Cartago,Estación B,2024-01-10,144.2,86.0,23.0,14.8,1076.4
Tuluá,Estación C,2024-02-18,60.3,53.8,11.3,19.6,762.6
Cali,Estación C,2024-01-04,76.0,77.7,68.6,38.8,600.7
Buga,Estación B,2024-02-21,81.8,49.0,56.2,44.2,546.2
Cartago,Estación C,2024-02-19,65.5,20.0,90.6,43.1,409.5
Cali,Estación C,2024-02-27,106.1,83.6,28.8,41.6,370.8
Tuluá,Estación C,2024-02-19,98.8,84.4,68.1,27.8,1137.3
Palmira,Estación A,2024-03-10,32.7,37.8,92.9,22.7,527.0
Palmira,Estación B,2024-01-14,90.8,57.2,38.2,21.2,960.1
Cartago,Estación A,2024-02-26,125.5,60.7,20.0,39.5,468.1
Palmira,Estación C,2024-02-20,103.2,29.7,32.6,14.5,1162.1
Cali,Estación B,2024-02-22,114.5,49.0,58.7,51.7,732.1
Cali,Estación C,2024-02-13,63.3,63.2,72.4,52.9,608.1
Cali,Estación C,2024-03-03,103.7,21.6,45.2,44.2,893.5
Tuluá,Estación A,2024-01-19,85.5,44.3,87.7,56.1,573.1
Palmira,Estación A,2024-02-06,54.0,30.8,71.9,17.1,694.8
Palmira,Estación C,2024-03-06,66.2,63.8,39.6,26.5,535.9
Buga,Estación C,2024-03-07,133.6,42.9,28.8,47.6,689.8
Buga,Estación C,2024-02-24,37.9,61.7,62.7,20.4,1119.2
Cartago,Estación B,2024-03-05,96.2,35.6,15.9,7.7,404.0
Buga,Estación C,2024-02-27,113.3,19.2,35.6,50.1,371.9
Cartago,Estación B,2024-02-14,112.3,16.3,29.5,8.8,813.3
Cali,Estación B,2024-02-29,37.4,27.2,90.6,42.7,524.9
Buga,Estación A,2024-01-08,43.0,50.5,70.9,53.1,974.3
Palmira,Estación C,2024-02-22,32.4,65.4,57.1,54.4,448.0
Cartago,Estación A,2024-01-05,76.9,86.0,32.2,41.8,966.1
Buga,Estación C,2024-03-01,91.7,59.2,81.1,41.1,847.9
Buga,Estación B,2024-02-05,130.9,39.3,85.5,10.7,1054.0
Cartago,Estación C,2024-01-02,103.0,86.3,99.9,25.5,568.9
Palmira,Estación A,2024-01-10,103.7,77.4,54.5,11.5,312.3
Buga,Estación A,2024-01-12,71.9,70.6,78.1,41.7,510.6
Cartago,Estación C,2024-01-04,72.6,58.1,85.0,42.8,319.0
Buga,Estación C,2024-02-10,72.1,77.8,16.0,56.8,1187.7
Cartago,Estación A,2024-01-28,77.0,82.9,60.4,29.8,882.0
Cartago,Estación C,2024-01-09,63.6,57.8,79.5,56.0,535.0
Tuluá,Estación C,2024-03-05,64.3,53.8,33.7,16.5,839.2
Cartago,Estación A,2024-03-04,137.4,65.6,28.4,56.3,538.0
Buga,Estación C,2024-02-19,132.6,59.1,90.0,56.6,348.3
Palmira,Estación C,2024-02-06,31.1,75.6,25.9,38.3,603.2
Cartago,Estación C,2024-02-28,40.9,24.7,31.6,52.3,1132.2
Buga,Estación C,2024-02-06,145.1,52.7,92.5,43.9,950.2
Tuluá,Estación B,2024-01-20,138.3,80.7,82.1,56.9,388.6
Palmira,Estación A,2024-02-27,109.3,86.3,75.7,7.9,1095.8
Cartago,Estación A,2024-02-11,67.2,85.7,26.2,41.4,904.9
Tuluá,Estación A,2024-01-22,68.7,63.4,86.6,38.5,1067.9
Tuluá,Estación B,2024-01-07,87.1,24.2,93.5,30.0,961.0
Cali,Estación B,2024-02-12,146.0,54.5,37.3,24.9,359.8
Buga,Estación A,2024-03-02,54.6,74.1,25.0,6.6,866.4
Palmira,Estación A,2024-01-23,135.7,46.0,58.4,7.7,302.1
Cartago,Estación B,2024-01-26,73.8,22.5,70.6,5.4,727.8
Tuluá,Estación C,2024-02-17,122.2,21.7,29.0,32.6,318.0
Buga,Estación A,2024-02-11,56.7,34.6,56.1,22.6,450.9
Palmira,Estación C,2024-01-24,144.0,86.9,18.8,5.8,445.0
Buga,Estación A,2024-02-03,108.5,66.1,77.7,32.7,1104.6
Cartago,Estación A,2024-03-09,100.5,38.8,59.8,45.2,338.1
Palmira,Estación A,2024-01-24,59.4,66.0,20.9,11.3,669.9
Cartago,Estación C,2024-02-04,140.7,64.3,49.3,48.4,1036.1
Cartago,Estación A,2024-01-06,83.8,85.3,76.3,30.2,812.4
Buga,Estación A,2024-02-16,149.2,32.4,66.2,30.3,335.5
Palmira,Estación B,2024-02-07,85.5,85.6,53.8,30.4,1006.6
Buga,Estación A,2024-01-19,84.0,39.4,52.4,50.0,412.2
Palmira,Estación C,2024-03-01,121.6,34.4,53.3,59.6,918.0
Cartago,Estación B,2024-02-25,48.2,63.5,92.6,42.4,1029.9
Buga,Estación B,2024-01-10,147.4,80.6,42.3,7.5,1061.1
Palmira,Estación C,2024-01-09,100.3,65.6,82.4,41.3,658.2
Palmira,Estación A,2024-02-18,147.6,35.1,13.7,43.8,705.9
Buga,Estación B,2024-02-14,98.7,79.0,82.5,12.3,942.5
Tuluá,Estación C,2024-03-08,110.8,81.8,82.3,15.1,566.3
Buga,Estación A,2024-01-03,69.4,83.1,18.7,38.4,706.3
Palmira,Estación B,2024-01-03,145.5,24.5,47.9,31.5,638.7
Palmira,Estación C,2024-01-27,110.9,31.6,13.1,27.5,560.3
Palmira,Estación C,2024-02-04,143.7,25.2,54.8,16.8,354.1
Palmira,Estación A,2024-01-15,130.7,17.4,94.6,54.1,782.0
Cartago,Estación C,2024-02-16,88.9,31.3,25.3,5.0,946.4
Cartago,Estación A,2024-02-06,123.1,36.6,39.2,42.3,806.9
Tuluá,Estación A,2024-02-22,143.2,54.6,58.6,30.4,593.3
Palmira,Estación B,2024-03-08,121.9,21.9,56.2,17.7,463.1
Tuluá,Estación B,2024-01-16,70.3,36.8,58.7,6.3,371.8
Buga,Estación A,2024-01-10,60.4,39.8,34.3,33.1,696.1
Cartago,Estación C,2024-03-06,133.3,48.6,92.5,30.7,547.5
Buga,Estación C,2024-01-28,55.2,73.2,53.8,17.4,475.7
Cartago,Estación C,2024-01-20,49.8,15.4,13.9,18.4,402.9
Cartago,Estación B,2024-03-04,124.3,39.1,13.4,55.5,425.7
Tuluá,Estación C,2024-02-29,78.8,78.6,43.1,37.5,753.4
Cartago,Estación B,2024-02-12,35.0,59.9,86.9,26.0,966.0
Cartago,Estación A,2024-01-25,62.1,83.4,43.1,7.5,570.2
Buga,Estación A,2024-01-16,52.3,51.4,84.7,57.3,870.8
Cartago,Estación B,2024-01-03,43.0,53.2,51.8,57.3,1150.4
Tuluá,Estación B,2024-03-07,39.4,85.0,42.7,51.5,676.5
Buga,Estación A,2024-02-21,80.0,32.2,30.9,54.6,1050.5
Tuluá,Estación C,2024-01-18,53.9,85.2,11.7,29.1,319.5
Buga,Estación C,2024-01-26,77.4,42.9,51.0,14.7,870.6
Cali,Estación B,2024-01-16,87.1,89.4,79.3,16.6,751.3
Palmira,Estación A,2024-02-02,135.5,38.6,21.6,30.8,838.5
Buga,Estación A,2024-03-09,95.5,31.1,52.8,22.5,540.0
Cartago,Estación B,2024-01-31,50.9,61.6,12.2,27.0,1187.4
Cali,Estación C,2024-01-20,35.6,73.5,32.7,50.6,933.5
Tuluá,Estación B,2024-02-04,123.7,29.4,14.5,53.0,368.0
Cali,Estación A,2024-02-05,34.7,45.2,68.4,43.4,874.3
Tuluá,Estación B,2024-02-20,83.8,62.0,23.2,15.4,1073.5
Cali,Estación C,2024-01-31,110.2,28.3,62.2,54.7,588.2
Buga,Estación A,2024-01-25,51.2,17.1,91.8,5.5,962.5
Cartago,Estación B,2024-03-01,76.2,77.7,95.5,49.3,639.8
Cartago,Estación B,2024-01-14,117.5,46.5,98.3,24.2,1129.6
Cartago,Estación B,2024-01-04,123.6,60.2,50.9,24.6,1152.4
Cartago,Estación C,2024-02-05,64.9,40.5,94.2,14.1,337.9
Buga,Estación B,2024-02-03,129.1,67.3,17.4,28.0,803.4
Cali,Estación B,2024-01-26,146.6,79.4,19.9,57.1,681.0
Tuluá,Estación C,2024-01-04,70.8,61.6,90.2,32.3,1042.3
Palmira,Estación A,2024-01-31,144.0,19.7,64.3,8.1,1104.4
Buga,Estación B,2024-02-12,90.6,54.4,97.7,55.1,445.5
Cartago,Estación A,2024-01-24,40.9,18.7,40.1,33.0,779.1
Tuluá,Estación C,2024-01-15,83.1,20.4,45.1,45.8,647.8
Buga,Estación A,2024-03-01,92.6,27.9,37.5,22.7,443.7
Tuluá,Estación A,2024-02-10,128.3,56.0,13.7,22.3,818.0
Tuluá,Estación B,2024-03-04,52.7,50.2,74.8,34.1,655.9
Cartago,Estación A,2024-01-18,143.4,60.6,32.9,55.8,997.8
Cartago,Estación B,2024-02-04,37.0,31.2,99.9,28.8,932.7
Cali,Estación C,2024-03-07,84.7,17.3,89.1,5.7,1150.3
Palmira,Estación C,2024-02-12,126.7,36.7,69.8,28.5,1100.2
Buga,Estación C,2024-01-25,111.5,32.3,55.8,53.8,924.4
Cartago,Estación A,2024-01-31,62.7,80.6,79.0,24.9,960.7
Palmira,Estación C,2024-02-17,147.8,44.3,17.2,9.9,831.7
Buga,Estación B,2024-03-07,79.2,89.3,52.5,35.5,776.8
Cartago,Estación B,2024-01-05,102.3,58.4,30.9,7.6,1150.7
Palmira,Estación A,2024-01-08,84.7,60.4,72.3,26.1,1082.2
Cali,Estación A,2024-01-05,43.5,80.3,67.2,14.1,686.8
Buga,Estación B,2024-03-09,123.2,61.9,46.8,19.0,1073.8
Buga,Estación A,2024-01-13,100.6,57.8,53.6,35.2,742.6
Cartago,Estación B,2024-02-24,63.1,48.3,17.8,20.8,1003.3
Tuluá,Estación C,2024-02-22,43.6,77.1,32.7,47.8,1161.4
Buga,Estación B,2024-02-08,113.2,72.0,86.8,58.5,540.0
Tuluá,Estación B,2024-02-26,43.5,36.8,65.3,49.2,1109.3
Buga,Estación B,2024-01-26,89.2,28.4,56.2,49.8,999.2
Cartago,Estación C,2024-01-06,56.4,38.2,65.5,34.4,496.4
Buga,Estación A,2024-02-23,45.1,46.4,41.0,32.4,711.9
Cali,Estación B,2024-01-29,128.3,82.9,20.8,34.3,556.1
Buga,Estación C,2024-02-04,86.7,67.4,49.0,16.1,492.5
Buga,Estación B,2024-01-28,53.3,24.8,97.8,52.8,1103.9
Tuluá,Estación C,2024-01-14,133.2,66.6,94.5,44.7,471.4
Palmira,Estación C,2024-02-26,47.2,79.3,37.8,41.2,809.8
Tuluá,Estación B,2024-01-13,84.5,53.0,71.9,39.8,1029.6
Cali,Estación A,2024-02-17,66.4,47.2,52.4,13.7,328.0
Cali,Estación A,2024-02-02,79.9,88.3,28.1,16.8,562.7
Buga,Estación C,2024-01-10,38.9,81.9,86.3,59.6,911.5
Buga,Estación C,2024-03-10,111.6,19.4,93.6,17.2,1199.7
Cali,Estación C,2024-03-01,49.0,66.6,21.5,28.4,522.5
Cali,Estación B,2024-03-05,53.5,66.8,45.1,27.9,722.3
Cali,Estación A,2024-01-28,141.8,30.5,42.2,13.2,759.0
Cartago,Estación B,2024-02-06,102.4,44.2,60.2,36.7,449.0
Palmira,Estación A,2024-01-21,99.2,31.6,34.2,49.2,339.7
Tuluá,Estación A,2024-03-10,41.2,70.4,96.4,42.3,813.5
Buga,Estación C,2024-01-03,94.4,71.4,22.6,24.2,650.6
Palmira,Estación C,2024-01-29,129.3,46.9,34.8,19.6,782.6
Palmira,Estación B,2024-01-09,134.8,44.6,40.2,16.4,640.0
Palmira,Estación C,2024-03-09,98.8,79.0,31.8,53.2,317.1
Buga,Estación A,2024-02-14,32.5,33.7,90.2,44.5,365.7
Palmira,Estación C,2024-02-11,90.5,70.8,55.3,8.7,951.2
Tuluá,Estación C,2024-02-02,52.6,79.5,33.2,17.5,732.6
Tuluá,Estación B,2024-01-09,70.2,67.2,72.9,43.7,743.3
Cali,Estación B,2024-03-09,106.7,20.6,22.1,40.5,605.7
Cali,Estación A,2024-03-03,143.2,54.0,70.9,47.8,417.9
Tuluá,Estación A,2024-02-21,65.0,25.9,83.0,17.2,945.7
Buga,Estación A,2024-01-18,97.0,39.4,36.4,6.8,1034.2
Cali,Estación B,2024-02-28,108.0,16.9,82.9,34.5,550.4
Cartago,Estación C,2024-03-01,149.2,24.9,14.4,43.2,1049.0
Tuluá,Estación B,2024-01-31,43.5,41.1,88.9,16.1,370.4
Buga,Estación C,2024-03-09,104.7,64.6,38.0,22.6,605.5
Cartago,Estación C,2024-02-21,120.8,73.5,53.0,28.6,309.9
Cali,Estación A,2024-03-05,73.8,47.4,66.1,9.1,753.3
Buga,Estación C,2024-02-12,107.3,71.8,20.6,50.8,935.1
Cali,Estación A,2024-01-15,87.9,54.0,97.8,58.1,493.7
Cali,Estación C,2024-01-17,40.2,23.9,30.2,32.5,1056.4
Cali,Estación A,2024-02-10,120.3,50.5,50.2,5.4,1037.5
Tuluá,Estación B,2024-01-03,139.1,85.6,15.8,27.1,321.1
Palmira,Estación C,2024-01-30,83.9,48.0,18.2,44.5,492.4
Cali,Estación C,2024-02-17,122.2,71.0,38.1,21.8,1054.1
Buga,Estación B,2024-03-04,114.6,78.8,49.1,56.1,831.3
Palmira,Estación A,2024-01-07,54.1,46.0,28.6,53.2,442.5
Cartago,Estación B,2024-01-12,46.0,23.3,93.0,46.3,830.8
Buga,Estación C,2024-01-22,100.7,62.0,58.4,41.4,404.6
Cali,Estación A,2024-02-22,60.1,75.4,35.2,15.5,753.8
Cartago,Estación A,2024-02-08,122.0,85.6,29.5,47.4,318.2
Palmira,Estación B,2024-02-27,59.6,48.8,12.0,40.2,672.5
Buga,Estación B,2024-02-18,59.6,15.7,31.2,12.6,850.9
Buga,Estación B,2024-01-20,82.2,51.6,93.5,33.7,738.8
Buga,Estación B,2024-01-25,73.8,82.8,55.3,30.6,1197.8
Palmira,Estación B,2024-01-16,96.2,42.0,21.3,37.4,772.6
Buga,Estación B,2024-01-02,31.4,59.1,55.1,53.0,375.6
Palmira,Estación A,2024-02-11,73.6,71.7,33.2,43.1,335.7
Buga,Estación B,2024-01-27,124.6,68.1,32.9,52.4,1104.1
Tuluá,Estación A,2024-02-11,144.1,79.4,30.6,17.1,481.1
Tuluá,Estación A,2024-02-05,75.8,57.3,20.3,59.8,683.0
Palmira,Estación A,2024-03-01,127.9,89.1,45.0,7.6,1021.1
Buga,Estación C,2024-02-15,90.7,16.9,93.2,51.9,771.8
Cartago,Estación A,2024-01-23,120.6,21.7,87.5,49.7,330.1
Palmira,Estación A,2024-02-29,138.6,21.2,27.2,29.2,826.3
Cartago,Estación C,2024-02-13,45.6,21.1,11.9,39.6,866.7
Cali,Estación C,2024-03-02,119.8,34.7,89.4,54.1,476.8
Cali,Estación C,2024-01-22,84.0,29.1,55.7,34.1,1029.5
Tuluá,Estación B,2024-03-06,85.3,81.8,18.5,59.4,1154.2
Buga,Estación B,2024-01-30,119.5,52.9,68.3,32.6,742.6
Palmira,Estación C,2024-02-21,132.6,32.3,39.5,16.5,742.7
Buga,Estación B,2024-01-03,111.8,66.0,70.2,56.8,1040.8
Tuluá,Estación A,2024-02-26,59.4,71.0,56.9,19.8,998.9
Buga,Estación C,2024-02-21,96.8,68.2,22.1,49.8,845.5
Buga,Estación C,2024-01-02,54.9,63.7,88.4,46.2,1081.9
Cali,Estación B,2024-02-05,135.0,37.6,18.5,46.7,845.4
Tuluá,Estación C,2024-01-06,70.5,68.8,76.9,7.8,499.0
Palmira,Estación C,2024-02-09,102.7,87.2,63.1,30.9,816.1
Cali,Estación A,2024-01-02,84.0,77.8,61.5,60.0,558.2
Cartago,Estación C,2024-01-29,128.2,15.4,99.3,15.1,723.2
Cartago,Estación C,2024-03-04,84.4,80.8,19.0,19.2,976.6
Tuluá,Estación C,2024-01-02,129.2,23.0,55.4,43.3,828.1
Cartago,Estación B,2024-01-22,100.8,29.4,62.3,32.8,658.8
Cali,Estación B,2024-01-11,122.4,22.8,96.6,54.0,543.3
Cali,Estación C,2024-03-06,33.1,40.6,82.3,54.4,766.4
Cali,Estación A,2024-02-04,142.1,18.6,28.9,36.1,854.0
Cartago,Estación B,2024-02-02,58.5,21.1,66.4,23.5,904.9
Buga,Estación C,2024-01-06,108.4,77.9,57.3,16.5,772.2
Tuluá,Estación B,2024-01-19,91.4,56.2,58.4,36.1,1153.8
Tuluá,Estación A,2024-01-08,112.8,69.4,72.8,22.1,389.7
Tuluá,Estación A,2024-02-04,62.7,80.4,53.6,21.8,765.9
Cartago,Estación C,2024-02-27,52.3,74.4,47.4,10.1,735.9
Palmira,Estación C,2024-01-17,62.4,72.6,89.7,17.2,717.2
Cali,Estación B,2024-01-22,52.0,34.0,46.6,26.1,1015.2
Palmira,Estación B,2024-02-29,112.7,57.4,87.3,11.5,1007.1
Cartago,Estación A,2024-02-27,91.2,54.7,88.9,30.4,551.5
Tuluá,Estación C,2024-01-05,78.3,22.7,15.5,7.8,642.1
Palmira,Estación B,2024-03-06,114.6,21.4,68.5,41.0,1160.6
Buga,Estación C,2024-01-07,96.6,70.7,29.8,25.3,627.6
Palmira,Estación A,2024-02-01,93.6,65.2,84.8,13.3,334.7
Cali,Estación A,2024-01-14,45.7,32.7,93.9,52.3,938.8
Palmira,Estación B,2024-02-05,129.0,24.4,91.3,52.5,718.1
Tuluá,Estación C,2024-02-10,71.4,23.0,54.3,47.3,499.5
Palmira,Estación C,2024-02-07,100.3,38.7,17.8,17.3,469.3
Palmira,Estación A,2024-03-04,63.7,69.8,31.8,14.4,776.9
Cali,Estación C,2024-01-27,110.6,44.6,10.1,11.6,781.1
Cartago,Estación A,2024-01-01,50.6,72.9,30.1,9.4,1087.4
Cali,Estación A,2024-01-21,57.2,84.9,91.8,48.0,317.5
Buga,Estación A,2024-01-17,72.5,60.2,38.1,55.0,1083.4
Buga,Estación C,2024-02-18,132.6,50.4,88.2,21.0,415.9
Tuluá,Estación A,2024-03-05,62.5,79.2,12.9,9.2,546.5
Cartago,Estación C,2024-03-03,146.1,78.5,37.9,15.8,793.3
Tuluá,Estación B,2024-01-15,67.2,54.1,69.7,26.0,947.5
Buga,Estación C,2024-03-02,79.4,50.5,47.3,51.3,507.0
Palmira,Estación A,2024-02-03,33.7,35.6,13.0,28.1,1105.6
Tuluá,Estación C,2024-01-07,62.9,56.1,23.0,12.4,1149.4
Cartago,Estación A,2024-02-05,116.7,77.7,45.9,29.6,1066.2
Tuluá,Estación C,2024-01-03,129.9,20.4,72.2,34.4,641.2
Cartago,Estación C,2024-02-15,142.4,75.2,48.4,39.9,1070.7
Buga,Estación A,2024-02-26,111.5,50.3,44.9,25.7,876.0
Cartago,Estación B,2024-02-17,132.2,83.0,55.6,37.7,937.3
Cali,Estación C,2024-02-19,111.4,46.1,72.1,23.9,549.5
Cartago,Estación B,2024-03-06,38.6,72.0,53.7,23.9,676.5
Buga,Estación A,2024-03-10,146.0,27.0,80.9,59.1,317.9
Tuluá,Estación B,2024-01-21,61.8,52.1,86.2,32.8,973.2
Tuluá,Estación A,2024-02-24,136.7,50.1,69.2,54.2,653.7
Cartago,Estación A,2024-01-17,62.8,15.2,47.4,45.1,1018.9
Buga,Estación B,2024-02-17,131.9,15.7,94.3,39.5,589.7
Palmira,Estación A,2024-02-12,130.7,48.6,67.3,17.2,909.4
Cali,Estación A,2024-01-22,69.2,62.1,34.8,55.0,870.5
Tuluá,Estación A,2024-02-09,33.6,44.8,61.4,57.4,765.1
Palmira,Estación A,2024-03-07,123.4,60.6,97.4,25.5,913.3
Cartago,Estación B,2024-02-15,120.8,23.3,85.5,35.6,921.0
Palmira,Estación C,2024-02-05,69.1,25.8,73.9,34.4,429.5
Buga,Estación C,2024-02-05,30.7,37.6,77.4,48.7,482.2
Palmira,Estación B,2024-03-04,60.3,47.8,56.8,21.2,313.7
Buga,Estación B,2024-03-10,114.0,56.1,64.9,10.0,726.5
Cali,Estación B,2024-03-01,37.9,66.8,61.5,27.2,627.3
Cartago,Estación A,2024-02-01,42.5,74.2,57.9,21.1,890.2
Cali,Estación B,2024-01-18,140.7,59.4,44.2,32.6,844.6
Palmira,Estación B,2024-02-20,89.9,84.9,62.5,34.6,709.0
Tuluá,Estación A,2024-02-16,70.6,50.2,39.8,46.5,596.4
Cali,Estación B,2024-02-21,121.3,88.9,95.1,15.8,1087.8
Cartago,Estación C,2024-03-05,41.4,39.1,44.8,39.2,442.3
Cartago,Estación A,2024-01-21,32.8,25.0,68.9,49.1,1189.4
